{
    "ND": 0.07620849092249186,
    "RMSE": 0.32880125225110374,
    "test_loss": 6.037571907043457,
    "rou90": 0.0396114338544165,
    "rou50": 0.07622741158179364
}