{
    "ND": 86.743898179796,
    "RMSE": 119.59327224039282,
    "test_loss": 4.5739312171936035,
    "rou90": 65.95800584488592,
    "rou50": 86.74900233734247
}